{"cameraMode":{"drawMode":0,"name":"Shaded","section":"Shading Mode"},"sceneLighting":true,"audioPlay":false,"sceneViewState":{"m_AlwaysRefresh":false,"showFog":true,"showSkybox":true,"showFlares":true,"showImageEffects":true,"showParticleSystems":true,"showVisualEffectGraphs":true,"m_FxEnabled":true},"in2DMode":false,"pivot":{"x":160.7613067626953,"y":361.0008239746094,"z":-10.1177978515625},"rotation":{"x":-0.059942204505205157,"y":0.026948142796754838,"z":0.001618835492990911,"w":0.9978369474411011},"size":535.852294921875,"orthographic":false}